SubjectID	SubjectName	Gender	Age	Handedness	Session	hr_rest	iTrial	nPulseTotalTime	nPulseAverageHR	HR	isSync	resp	acc	RT	expStartTime	modality	resp_isSync
test01	testName	m	30	r	0	0.000000	1.000000	6.510219	0.591838	NaN	0.000000	RightArrow	1.000000	0.332005	27-Mar-2018 17:22:30	AV	0.000000
test01	testName	m	30	r	0	0.000000	2.000000	6.578343	0.598031	NaN	1.000000	LeftArrow	1.000000	0.360002	27-Mar-2018 17:22:30	AV	1.000000
test01	testName	m	30	r	0	0.000000	3.000000	7.238689	0.658063	NaN	1.000000	RightArrow	0.000000	0.417456	27-Mar-2018 17:22:30	AV	0.000000
test01	testName	m	30	r	0	0.000000	4.000000	7.608021	0.691638	NaN	0.000000	RightArrow	1.000000	0.377477	27-Mar-2018 17:22:30	AV	0.000000
test01	testName	m	30	r	0	0.000000	5.000000	7.963630	0.723966	NaN	1.000000	LeftArrow	1.000000	0.001191	27-Mar-2018 17:22:30	AV	1.000000
test01	testName	m	30	r	0	0.000000	6.000000	7.913298	0.719391	NaN	0.000000	RightArrow	1.000000	0.254788	27-Mar-2018 17:22:30	AV	0.000000
test01	testName	m	30	r	0	0.000000	7.000000	7.807845	0.709804	NaN	0.000000	LeftArrow	0.000000	0.320867	27-Mar-2018 17:22:30	AV	1.000000
test01	testName	m	30	r	0	0.000000	8.000000	7.631038	0.693731	NaN	1.000000	LeftArrow	1.000000	0.393115	27-Mar-2018 17:22:30	AV	1.000000
test01	testName	m	30	r	0	0.000000	9.000000	7.638798	0.694436	NaN	1.000000	RightArrow	0.000000	0.000573	27-Mar-2018 17:22:30	AV	0.000000
test01	testName	m	30	r	0	0.000000	10.000000	7.823607	0.711237	NaN	1.000000	LeftArrow	1.000000	0.424467	27-Mar-2018 17:22:30	AV	1.000000