SubjectID	SubjectName	Gender	Age	Handedness	Session	hr_rest	iTrial	nPulseTotalTime	nPulseAverageHR	HR	isSync	resp	acc	RT	expStartTime	modality	resp_isSync
test01	testName	m	30	r	0	0.000000	1.000000	7.404945	0.673177	NaN	1.000000	RightArrow	0.000000	0.001480	27-Mar-2018 17:41:41	AV	0.000000
test01	testName	m	30	r	0	0.000000	2.000000	8.073401	0.672783	NaN	0.000000	RightArrow	1.000000	0.280707	27-Mar-2018 17:41:41	AV	0.000000
test01	testName	m	30	r	0	0.000000	3.000000	5.998673	0.545334	NaN	1.000000	LeftArrow	1.000000	0.492108	27-Mar-2018 17:41:41	AV	1.000000
test01	testName	m	30	r	0	0.000000	4.000000	7.174982	0.652271	NaN	1.000000	LeftArrow	1.000000	0.056838	27-Mar-2018 17:41:41	AV	1.000000
test01	testName	m	30	r	0	0.000000	5.000000	8.169116	0.742647	NaN	0.000000	RightArrow	1.000000	0.302977	27-Mar-2018 17:41:41	AV	0.000000
test01	testName	m	30	r	0	0.000000	6.000000	7.626787	0.693344	NaN	1.000000	LeftArrow	1.000000	0.202482	27-Mar-2018 17:41:41	AV	1.000000
test01	testName	m	30	r	0	0.000000	7.000000	7.520693	0.683699	NaN	1.000000	LeftArrow	1.000000	0.004240	27-Mar-2018 17:41:41	AV	1.000000
test01	testName	m	30	r	0	0.000000	8.000000	7.604929	0.691357	NaN	1.000000	RightArrow	0.000000	0.015529	27-Mar-2018 17:41:41	AV	0.000000
test01	testName	m	30	r	0	0.000000	9.000000	7.995021	0.726820	NaN	0.000000	LeftArrow	0.000000	0.355910	27-Mar-2018 17:41:41	AV	1.000000
test01	testName	m	30	r	0	0.000000	10.000000	7.477551	0.679777	NaN	0.000000	LeftArrow	0.000000	2.537945	27-Mar-2018 17:41:41	AV	1.000000