SubjectID	SubjectName	Gender	Age	Handedness	Session	hr_rest	iTrial	nPulseTotalTime	nPulseAverageHR	HR	isSync	resp	acc	RT	expStartTime	modality	resp_isSync
test01	testName	m	30	r	0	0.000000	1.000000	7.203147	0.654832	NaN	1.000000	RightArrow	0.000000	0.008288	27-Mar-2018 17:30:48	AV	0.000000
test01	testName	m	30	r	0	0.000000	2.000000	7.571490	0.688317	NaN	0.000000	LeftArrow	0.000000	0.086947	27-Mar-2018 17:30:48	AV	1.000000
test01	testName	m	30	r	0	0.000000	3.000000	7.594353	0.690396	NaN	1.000000	RightArrow	0.000000	0.335251	27-Mar-2018 17:30:48	AV	0.000000
test01	testName	m	30	r	0	0.000000	4.000000	7.178882	0.652626	NaN	1.000000	RightArrow	0.000000	0.121113	27-Mar-2018 17:30:48	AV	0.000000
test01	testName	m	30	r	0	0.000000	5.000000	7.198160	0.654378	NaN	0.000000	RightArrow	1.000000	0.111036	27-Mar-2018 17:30:48	AV	0.000000
test01	testName	m	30	r	0	0.000000	6.000000	7.800491	0.709136	NaN	1.000000	LeftArrow	1.000000	0.422690	27-Mar-2018 17:30:48	AV	1.000000
test01	testName	m	30	r	0	0.000000	7.000000	6.812949	0.681295	NaN	1.000000	LeftArrow	1.000000	0.143074	27-Mar-2018 17:30:48	AV	1.000000
test01	testName	m	30	r	0	0.000000	8.000000	7.636237	0.694203	NaN	0.000000	RightArrow	1.000000	0.000546	27-Mar-2018 17:30:48	AV	0.000000
test01	testName	m	30	r	0	0.000000	9.000000	7.153257	0.650296	NaN	1.000000	LeftArrow	1.000000	0.205571	27-Mar-2018 17:30:48	AV	1.000000
test01	testName	m	30	r	0	0.000000	10.000000	7.633912	0.693992	NaN	0.000000	LeftArrow	0.000000	0.417635	27-Mar-2018 17:30:48	AV	1.000000